<?xml version="1.0" encoding="UTF-8"?>

<IDataXMLCoder version="1.0">
  <record javaclass="com.wm.data.ISMemDataImpl">
    <idatacodable name="fragment" javaclass="com.wm.app.prt.model.PRTFragmentDef">
      <number name="version" type="java.lang.Integer">3</number>
      <value name="modelId">OrderToCash/OrderToCashProcess</value>
      <value name="modelVersion">1</value>
      <value name="modelName">OrderToCashProcess</value>
      <value name="packageName">OrderToCash</value>
      <value name="fragmentId">Default</value>
      <value name="focalRole">Focal role</value>
      <value name="triggerName">OrderToCash.OrderToCashProcess.OrderToCashProcess_1.Default:transitionTrigger</value>
      <value name="inputTriggerName">OrderToCash.OrderToCashProcess.Default:subscriptionTrigger</value>
      <value name="synch">false</value>
      <value name="minimumLogLevel">5</value>
      <value name="volGlobalData">false</value>
      <value name="usesJMS">false</value>
      <value name="usesEDA">false</value>
      <value name="useVersion97EscalationPolicy">true</value>
      <value name="singleServer">true</value>
      <value name="timeoutMs">0</value>
      <null name="timeout"/>
      <value name="processTimeoutMs">0</value>
      <value name="processTimeoutExpr"></value>
      <null name="processTimeoutBusiness"/>
      <value name="processTimeoutType">relative</value>
      <idatacodable name="error" javaclass="com.wm.app.prt.model.PRTTransitionOutputDef">
        <value name="isXpathCond">false</value>
        <value name="targetServerId">Default</value>
        <value name="targetStepId">S40</value>
        <null name="pipeKeys"/>
        <null name="deadPathTargets"/>
        <value name="compensating">false</value>
      </idatacodable>
      <null name="cancel"/>
      <null name="userProps"/>
      <null name="partnerLinks"/>
      <null name="properties"/>
      <null name="globalVariables"/>
      <null name="businessCalendarAlias"/>
      <array name="steps" type="idatacodable" depth="1">
        <idatacodable javaclass="com.wm.app.prt.model.ServiceTask">
          <value name="stepId">S52</value>
          <value name="stepLabel">Schedule Delivery</value>
          <value name="isStart">false</value>
          <value name="isSynchronizationPoint">false</value>
          <array name="inputs" type="idatacodable" depth="1">
            <idatacodable javaclass="com.wm.app.prt.model.PRTTransitionInputDef">
              <value name="sourceStepId">S48</value>
            </idatacodable>
          </array>
          <value name="servicePackage">OrderToCash</value>
          <value name="serviceName">OrderToCash.OrderToCashProcess.OrderToCashProcess_1.Default:S52_MAPPING</value>
          <array name="outputs" type="idatacodable" depth="1">
            <idatacodable javaclass="com.wm.app.prt.model.PRTTransitionOutputDef">
              <value name="isXpathCond">false</value>
              <value name="targetServerId">Default</value>
              <value name="targetStepId">S56</value>
              <array name="pipeKeys" type="value" depth="1">
                <value>ShipNotice</value>
              </array>
              <null name="deadPathTargets"/>
              <value name="compensating">false</value>
            </idatacodable>
          </array>
          <value name="timeoutMs">0</value>
          <value name="stepTimeoutMs">0</value>
          <value name="timeoutType"></value>
          <value name="stepTimeoutType">relative</value>
          <value name="retryMax">0</value>
          <value name="stepRetryCount">0</value>
          <value name="stepRetryInterval">60000</value>
          <value name="isSubEnd">false</value>
          <value name="isXPathJoinExpression">false</value>
          <value name="beginsCompensatingTransaction">false</value>
          <value name="skip">false</value>
          <value name="parallelExecute">false</value>
          <value name="suppressUnsatisfiedJoin">false</value>
          <value name="forCompensation">false</value>
        </idatacodable>
        <idatacodable javaclass="com.wm.app.prt.model.ServiceTask">
          <value name="stepId">S44</value>
          <value name="stepLabel">Map Data</value>
          <value name="isStart">false</value>
          <value name="joinExpression">(unsynchronizedor TX-FROM-S32 TX-FROM-S70)</value>
          <value name="isSynchronizationPoint">false</value>
          <array name="inputs" type="idatacodable" depth="1">
            <idatacodable javaclass="com.wm.app.prt.model.PRTTransitionInputDef">
              <value name="sourceStepId">S32</value>
            </idatacodable>
            <idatacodable javaclass="com.wm.app.prt.model.PRTTransitionInputDef">
              <value name="sourceStepId">S70</value>
            </idatacodable>
          </array>
          <value name="servicePackage">OrderToCash</value>
          <value name="serviceName">OrderToCash.OrderToCashProcess.OrderToCashProcess_1.Default:S44_MAPPING</value>
          <array name="outputs" type="idatacodable" depth="1">
            <idatacodable javaclass="com.wm.app.prt.model.PRTTransitionOutputDef">
              <value name="isXpathCond">false</value>
              <value name="targetServerId">Default</value>
              <value name="targetStepId">S48</value>
              <array name="pipeKeys" type="value" depth="1">
                <value>PurchaseOrder</value>
                <value>BackEndOrder</value>
              </array>
              <null name="deadPathTargets"/>
              <value name="compensating">false</value>
            </idatacodable>
          </array>
          <value name="timeoutMs">0</value>
          <value name="stepTimeoutMs">0</value>
          <value name="timeoutType">relative</value>
          <value name="stepTimeoutType">relative</value>
          <value name="retryMax">0</value>
          <value name="stepRetryCount">0</value>
          <value name="stepRetryInterval">60000</value>
          <value name="isSubEnd">false</value>
          <value name="isXPathJoinExpression">false</value>
          <value name="beginsCompensatingTransaction">false</value>
          <value name="skip">false</value>
          <value name="parallelExecute">false</value>
          <value name="suppressUnsatisfiedJoin">false</value>
          <value name="forCompensation">false</value>
        </idatacodable>
        <idatacodable javaclass="com.wm.app.prt.model.ServiceTask">
          <value name="stepId">S32</value>
          <value name="stepLabel">Auto Credit Check</value>
          <value name="isStart">false</value>
          <value name="isSynchronizationPoint">false</value>
          <array name="inputs" type="idatacodable" depth="1">
            <idatacodable javaclass="com.wm.app.prt.model.PRTTransitionInputDef">
              <value name="sourceStepId">S28</value>
            </idatacodable>
          </array>
          <value name="servicePackage">OrderToCash</value>
          <value name="serviceName">OrderToCash.OrderToCashProcess.OrderToCashProcess_1.Default:S32_MAPPING</value>
          <array name="outputs" type="idatacodable" depth="1">
            <idatacodable javaclass="com.wm.app.prt.model.PRTTransitionOutputDef">
              <value name="condition">%ValidatedOrderCreditChecked/Status% = "False"</value>
              <value name="isXpathCond">false</value>
              <value name="targetServerId">Default</value>
              <value name="targetStepId">S70</value>
              <array name="pipeKeys" type="value" depth="1">
                <value>ValidatedOrderCreditChecked</value>
              </array>
              <null name="deadPathTargets"/>
              <value name="compensating">false</value>
            </idatacodable>
            <idatacodable javaclass="com.wm.app.prt.model.PRTTransitionOutputDef">
              <value name="condition">!(%ValidatedOrderCreditChecked/Status% = "False")</value>
              <value name="isXpathCond">false</value>
              <value name="targetServerId">Default</value>
              <value name="targetStepId">S44</value>
              <array name="pipeKeys" type="value" depth="1">
                <value>ValidatedOrderCreditChecked</value>
              </array>
              <null name="deadPathTargets"/>
              <value name="compensating">false</value>
            </idatacodable>
          </array>
          <value name="timeoutMs">0</value>
          <value name="stepTimeoutMs">0</value>
          <value name="timeoutType"></value>
          <value name="stepTimeoutType">relative</value>
          <value name="retryMax">0</value>
          <value name="stepRetryCount">0</value>
          <value name="stepRetryInterval">60000</value>
          <value name="isSubEnd">false</value>
          <value name="isXPathJoinExpression">false</value>
          <value name="beginsCompensatingTransaction">false</value>
          <value name="skip">false</value>
          <value name="parallelExecute">false</value>
          <value name="suppressUnsatisfiedJoin">false</value>
          <value name="forCompensation">false</value>
        </idatacodable>
        <idatacodable javaclass="com.wm.app.prt.model.ServiceTask">
          <value name="stepId">S24</value>
          <value name="stepLabel">Process Received Order</value>
          <value name="isStart">false</value>
          <value name="isSynchronizationPoint">false</value>
          <array name="inputs" type="idatacodable" depth="1">
            <idatacodable javaclass="com.wm.app.prt.model.PRTTransitionInputDef">
              <value name="sourceStepId">S18</value>
            </idatacodable>
          </array>
          <value name="servicePackage">OrderToCash</value>
          <value name="serviceName">OrderToCash.OrderToCashProcess.OrderToCashProcess_1.Default:S24_MAPPING</value>
          <array name="outputs" type="idatacodable" depth="1">
            <idatacodable javaclass="com.wm.app.prt.model.PRTTransitionOutputDef">
              <value name="isXpathCond">false</value>
              <value name="targetServerId">Default</value>
              <value name="targetStepId">S28</value>
              <array name="pipeKeys" type="value" depth="1">
                <value>OrderReceived</value>
                <value>ValidatedOrder</value>
                <value>ValidatedOrderCreditChecked</value>
              </array>
              <null name="deadPathTargets"/>
              <value name="compensating">false</value>
            </idatacodable>
          </array>
          <value name="timeoutMs">0</value>
          <value name="stepTimeoutMs">0</value>
          <value name="timeoutType"></value>
          <value name="stepTimeoutType">relative</value>
          <value name="retryMax">0</value>
          <value name="stepRetryCount">0</value>
          <value name="stepRetryInterval">60000</value>
          <value name="isSubEnd">false</value>
          <value name="isXPathJoinExpression">false</value>
          <value name="beginsCompensatingTransaction">false</value>
          <value name="skip">false</value>
          <value name="parallelExecute">false</value>
          <value name="suppressUnsatisfiedJoin">false</value>
          <value name="forCompensation">false</value>
        </idatacodable>
        <idatacodable javaclass="com.wm.app.prt.model.ServiceTask">
          <value name="stepId">S56</value>
          <value name="stepLabel">Update Backend</value>
          <value name="isStart">false</value>
          <value name="isSynchronizationPoint">false</value>
          <array name="inputs" type="idatacodable" depth="1">
            <idatacodable javaclass="com.wm.app.prt.model.PRTTransitionInputDef">
              <value name="sourceStepId">S52</value>
            </idatacodable>
          </array>
          <value name="servicePackage">OrderToCash</value>
          <value name="serviceName">OrderToCash.OrderToCashProcess.OrderToCashProcess_1.Default:S56_MAPPING</value>
          <array name="outputs" type="idatacodable" depth="1">
            <idatacodable javaclass="com.wm.app.prt.model.PRTTransitionOutputDef">
              <value name="isXpathCond">false</value>
              <value name="targetServerId">Default</value>
              <value name="targetStepId">S60</value>
              <array name="pipeKeys" type="value" depth="1">
                <value>DeliveryConfirmation</value>
              </array>
              <null name="deadPathTargets"/>
              <value name="compensating">false</value>
            </idatacodable>
          </array>
          <value name="timeoutMs">0</value>
          <value name="stepTimeoutMs">0</value>
          <value name="timeoutType"></value>
          <value name="stepTimeoutType">relative</value>
          <value name="retryMax">0</value>
          <value name="stepRetryCount">0</value>
          <value name="stepRetryInterval">60000</value>
          <value name="isSubEnd">false</value>
          <value name="isXPathJoinExpression">false</value>
          <value name="beginsCompensatingTransaction">false</value>
          <value name="skip">false</value>
          <value name="parallelExecute">false</value>
          <value name="suppressUnsatisfiedJoin">false</value>
          <value name="forCompensation">false</value>
        </idatacodable>
        <idatacodable javaclass="com.wm.app.prt.model.ServiceTask">
          <value name="stepId">S48</value>
          <value name="stepLabel">Create Order</value>
          <value name="isStart">false</value>
          <value name="isSynchronizationPoint">false</value>
          <array name="inputs" type="idatacodable" depth="1">
            <idatacodable javaclass="com.wm.app.prt.model.PRTTransitionInputDef">
              <value name="sourceStepId">S44</value>
            </idatacodable>
          </array>
          <value name="servicePackage">OrderToCash</value>
          <value name="serviceName">OrderToCash.OrderToCashProcess.OrderToCashProcess_1.Default:S48_MAPPING</value>
          <array name="outputs" type="idatacodable" depth="1">
            <idatacodable javaclass="com.wm.app.prt.model.PRTTransitionOutputDef">
              <value name="isXpathCond">false</value>
              <value name="targetServerId">Default</value>
              <value name="targetStepId">S52</value>
              <array name="pipeKeys" type="value" depth="1">
                <value>BackEndOrder</value>
              </array>
              <null name="deadPathTargets"/>
              <value name="compensating">false</value>
            </idatacodable>
          </array>
          <value name="timeoutMs">0</value>
          <value name="stepTimeoutMs">0</value>
          <value name="timeoutType"></value>
          <value name="stepTimeoutType">relative</value>
          <value name="retryMax">0</value>
          <value name="stepRetryCount">0</value>
          <value name="stepRetryInterval">60000</value>
          <value name="isSubEnd">false</value>
          <value name="isXPathJoinExpression">false</value>
          <value name="beginsCompensatingTransaction">false</value>
          <value name="skip">false</value>
          <value name="parallelExecute">false</value>
          <value name="suppressUnsatisfiedJoin">false</value>
          <value name="forCompensation">false</value>
        </idatacodable>
        <idatacodable javaclass="com.wm.app.prt.model.ServiceTask">
          <value name="stepId">S28</value>
          <value name="stepLabel">Validate Order</value>
          <value name="isStart">false</value>
          <value name="isSynchronizationPoint">false</value>
          <array name="inputs" type="idatacodable" depth="1">
            <idatacodable javaclass="com.wm.app.prt.model.PRTTransitionInputDef">
              <value name="sourceStepId">S24</value>
            </idatacodable>
          </array>
          <value name="servicePackage">OrderToCash</value>
          <value name="serviceName">OrderToCash.OrderToCashProcess.OrderToCashProcess_1.Default:S28_MAPPING</value>
          <array name="outputs" type="idatacodable" depth="1">
            <idatacodable javaclass="com.wm.app.prt.model.PRTTransitionOutputDef">
              <value name="isXpathCond">false</value>
              <value name="targetServerId">Default</value>
              <value name="targetStepId">S32</value>
              <array name="pipeKeys" type="value" depth="1">
                <value>ValidatedOrder</value>
                <value>ValidatedOrderCreditChecked</value>
              </array>
              <null name="deadPathTargets"/>
              <value name="compensating">false</value>
            </idatacodable>
          </array>
          <value name="timeoutMs">0</value>
          <value name="stepTimeoutMs">0</value>
          <value name="timeoutType"></value>
          <value name="stepTimeoutType">relative</value>
          <value name="retryMax">0</value>
          <value name="stepRetryCount">0</value>
          <value name="stepRetryInterval">60000</value>
          <value name="isSubEnd">false</value>
          <value name="isXPathJoinExpression">false</value>
          <value name="beginsCompensatingTransaction">false</value>
          <value name="skip">false</value>
          <value name="parallelExecute">false</value>
          <value name="suppressUnsatisfiedJoin">false</value>
          <value name="forCompensation">false</value>
        </idatacodable>
        <idatacodable javaclass="com.wm.app.prt.model.StartMessageEvent">
          <value name="stepId">S18</value>
          <value name="stepLabel">Receive Order</value>
          <value name="isSynchronizationPoint">false</value>
          <array name="inputs" type="idatacodable" depth="1">
            <idatacodable javaclass="com.wm.app.prt.model.PRTPublishedDocInputDef">
              <value name="docName">InboundOrder</value>
              <value name="docType">ScOrderToCash.Documents:InboundOrder</value>
              <value name="filter"></value>
              <value name="subprExit">false</value>
            </idatacodable>
          </array>
          <value name="servicePackage">OrderToCash</value>
          <value name="serviceName">OrderToCash.OrderToCashProcess.OrderToCashProcess_1.Default:S18_MAPPING</value>
          <array name="outputs" type="idatacodable" depth="1">
            <idatacodable javaclass="com.wm.app.prt.model.PRTTransitionOutputDef">
              <value name="isXpathCond">false</value>
              <value name="targetServerId">Default</value>
              <value name="targetStepId">S24</value>
              <array name="pipeKeys" type="value" depth="1">
                <value>InboundOrder</value>
                <value>OrderReceived</value>
                <value>ValidatedOrder</value>
                <value>ValidatedOrderCreditChecked</value>
              </array>
              <null name="deadPathTargets"/>
              <value name="compensating">false</value>
            </idatacodable>
          </array>
          <value name="stepRetryCount">0</value>
          <value name="stepRetryInterval">60000</value>
          <value name="skip">false</value>
          <value name="parallelExecute">false</value>
          <value name="interrupting">false</value>
          <value name="usesEDA">false</value>
        </idatacodable>
        <idatacodable javaclass="com.wm.app.prt.model.ServiceTask">
          <value name="stepId">S60</value>
          <value name="stepLabel">Send Delivery Confirmation</value>
          <value name="isStart">false</value>
          <value name="isSynchronizationPoint">false</value>
          <array name="inputs" type="idatacodable" depth="1">
            <idatacodable javaclass="com.wm.app.prt.model.PRTTransitionInputDef">
              <value name="sourceStepId">S56</value>
            </idatacodable>
          </array>
          <value name="servicePackage">OrderToCash</value>
          <value name="serviceName">OrderToCash.OrderToCashProcess.OrderToCashProcess_1.Default:S60_MAPPING</value>
          <value name="timeoutMs">0</value>
          <value name="stepTimeoutMs">0</value>
          <value name="timeoutType"></value>
          <value name="stepTimeoutType"></value>
          <value name="retryMax">0</value>
          <value name="stepRetryCount">0</value>
          <value name="stepRetryInterval">60000</value>
          <value name="isSubEnd">false</value>
          <value name="isXPathJoinExpression">false</value>
          <value name="beginsCompensatingTransaction">false</value>
          <value name="skip">false</value>
          <value name="parallelExecute">false</value>
          <value name="suppressUnsatisfiedJoin">false</value>
          <value name="forCompensation">false</value>
        </idatacodable>
        <idatacodable javaclass="com.wm.app.prt.model.UserTask">
          <value name="stepId">S70</value>
          <value name="stepLabel">Improved Manual Credit Check</value>
          <value name="isStart">false</value>
          <value name="isSynchronizationPoint">false</value>
          <array name="inputs" type="idatacodable" depth="1">
            <idatacodable javaclass="com.wm.app.prt.model.PRTTransitionInputDef">
              <value name="sourceStepId">S32</value>
            </idatacodable>
          </array>
          <array name="outputs" type="idatacodable" depth="1">
            <idatacodable javaclass="com.wm.app.prt.model.PRTTransitionOutputDef">
              <value name="condition">%ValidatedOrderCreditChecked/Status% = "Approved"</value>
              <value name="isXpathCond">false</value>
              <value name="targetServerId">Default</value>
              <value name="targetStepId">S44</value>
              <array name="pipeKeys" type="value" depth="1">
                <value>ValidatedOrderCreditChecked</value>
              </array>
              <null name="deadPathTargets"/>
              <value name="compensating">false</value>
            </idatacodable>
            <idatacodable javaclass="com.wm.app.prt.model.PRTTransitionOutputDef">
              <value name="condition">!(%ValidatedOrderCreditChecked/Status% = "Approved")</value>
              <value name="isXpathCond">false</value>
              <value name="targetServerId">Default</value>
              <value name="targetStepId">S40</value>
              <array name="pipeKeys" type="value" depth="1">
                <value>ValidatedOrderCreditChecked</value>
              </array>
              <null name="deadPathTargets"/>
              <value name="compensating">false</value>
            </idatacodable>
          </array>
          <value name="timeoutMs">0</value>
          <value name="stepTimeoutMs">0</value>
          <value name="timeoutType"></value>
          <value name="stepTimeoutType">relative</value>
          <value name="retryMax">0</value>
          <value name="stepRetryCount">0</value>
          <value name="stepRetryInterval">60000</value>
          <value name="isSubEnd">false</value>
          <value name="isXPathJoinExpression">false</value>
          <value name="beginsCompensatingTransaction">false</value>
          <value name="skip">false</value>
          <value name="parallelExecute">false</value>
          <value name="suppressUnsatisfiedJoin">false</value>
          <value name="forCompensation">false</value>
          <value name="inputMappingService">OrderToCash.OrderToCashProcess.OrderToCashProcess_1.Default:Improved_Manual_Credit_Check_InputMapService</value>
          <value name="outputMappingService">OrderToCash.OrderToCashProcess.OrderToCashProcess_1.Default:Improved_Manual_Credit_Check_OutputMapService</value>
        </idatacodable>
        <idatacodable javaclass="com.wm.app.prt.model.ServiceTask">
          <value name="stepId">S40</value>
          <value name="stepLabel">Cancel Order</value>
          <value name="isStart">false</value>
          <value name="isSynchronizationPoint">false</value>
          <array name="inputs" type="idatacodable" depth="1">
            <idatacodable javaclass="com.wm.app.prt.model.PRTTransitionInputDef">
              <value name="sourceStepId">S70</value>
            </idatacodable>
          </array>
          <value name="servicePackage">OrderToCash</value>
          <value name="serviceName">OrderToCash.OrderToCashProcess.OrderToCashProcess_1.Default:S40_MAPPING</value>
          <value name="timeoutMs">0</value>
          <value name="stepTimeoutMs">0</value>
          <value name="timeoutType"></value>
          <value name="stepTimeoutType"></value>
          <value name="retryMax">0</value>
          <value name="stepRetryCount">0</value>
          <value name="stepRetryInterval">60000</value>
          <value name="isSubEnd">false</value>
          <value name="isXPathJoinExpression">false</value>
          <value name="beginsCompensatingTransaction">false</value>
          <value name="skip">false</value>
          <value name="parallelExecute">false</value>
          <value name="suppressUnsatisfiedJoin">false</value>
          <value name="forCompensation">false</value>
        </idatacodable>
      </array>
    </idatacodable>
    <Date name="timestamp" type="java.util.Date">Fri Jun 22 09:42:54 IST 2018</Date>
  </record>
</IDataXMLCoder>
