<?xml version="1.0" encoding="UTF-8"?>

<IDataXMLCoder version="1.0">
  <record javaclass="com.wm.data.ISMemDataImpl">
    <value name="Identifier">ID001</value>
    <value name="OrderDate">1-1-2009</value>
    <value name="OrderTotal">25000</value>
    <value name="CustomerName">Mr. Vijesh Kumar</value>
    <value name="VendorName">Samsung</value>
    <value name="RequestedShipDate">5-1-2009</value>
    <value name="Region">South</value>
    <value name="Status">false</value>
    <value name="Comments">None</value>
    <value name="Cost">12345</value>
    <value name="Quantity">12</value>
    <value name="State2">state1</value>
  </record>
</IDataXMLCoder>
