<?xml version="1.0" encoding="UTF-8"?>

<IDataXMLCoder version="1.0">
  <record javaclass="com.wm.data.ISMemDataImpl">
    <value name="ProcessName">OrderToCashProcess</value>
    <value name="DocumentName">InboundOrder</value>
    <value name="sleeptime_millis">200</value>
    <value name="Identifier">ID001</value>
    <value name="OrderDate">1-1-2009</value>
    <value name="OrderTotal">25000</value>
    <value name="CustomerName">Mr. Vijesh Kumar</value>
    <value name="VendorName">Samsung</value>
    <value name="RequestedShipDate">5-1-2009</value>
    <value name="Cost">12345</value>
    <value name="Quantity">12</value>
    <record name="Address" javaclass="com.wm.data.ISMemDataImpl">
      <value name="Id"></value>
      <value name="Address1"></value>
      <value name="Address2"></value>
      <value name="City"></value>
      <value name="State"></value>
      <value name="Country"></value>
      <value name="Zip"></value>
    </record>
    <value name="Region">South</value>
    <value name="State"></value>
    <value name="Status">Approved</value>
    <value name="Comments">None</value>
    <array name="LineItem" type="record" depth="1">
      <record javaclass="com.wm.data.ISMemDataImpl">
        <value name="Part">ABC</value>
        <value name="Description">ABC</value>
        <value name="UnitPrice">12</value>
        <value name="Qty">12</value>
        <value name="QtyShipped">12</value>
      </record>
    </array>
  </record>
</IDataXMLCoder>
