<?xml version="1.0" encoding="UTF-8"?>
<webMethodsTestSuite description="O2CTestSuite" name="O2CTestSuite">
    <webMethodsTestCase name="verifyNewAutoOrder">
        <service folder="O2CTests" name="publishAndVerifyAutoComplete">
            <input>
                <file filename="resources/data/AutoComplete.xml"/>
            </input>
            <expected>
                <file filename="resources/data/AutoCompleteOutput.xml"/>
            </expected>
        </service>
    </webMethodsTestCase>
    <webMethodsTestCase name="verifyNewManualCompleteOrder">
        <service folder="O2CTests" name="publishAndVerifyManualComplete">
            <input>
                <file filename="resources/data/manualComplete.xml"/>
            </input>
            <expected>
                <file filename="resources/data/manualCompleteOutput.xml"/>
            </expected>
        </service>
    </webMethodsTestCase>
    <webMethodsTestCase name="verifyCompletionAutoOrder">
        <service folder="O2CTests" name="VerifyAutoApproveO2C">
            <input>
                <file/>
            </input>
            <expected>
                <file/>
            </expected>
        </service>
    </webMethodsTestCase>
    <webMethodsTestCase name="verifyCompletionManualOrder">
        <service folder="O2CTests" name="verifyManualApproveO2C">
            <input>
                <file/>
            </input>
            <expected>
                <file/>
            </expected>
        </service>
    </webMethodsTestCase>
    <webMethodsTestCase name="verifyManualCancelTask">
        <service folder="O2CTests" name="verifyManualCancelO2C">
            <input>
                <file/>
            </input>
            <expected>
                <file/>
            </expected>
        </service>
    </webMethodsTestCase>
</webMethodsTestSuite>
